id,customerNumber,firstName,lastName
4bad6d12-32e8-4401-89e1-69a587a762b0,,Nikolay,Olehnovich
900e52ed-0c54-4601-9ca8-9f832f735bdb,,nick,nick
5143d752-249f-4e01-9b58-4019587e3c39,,dfd,fdfdf
c75f41ef-b363-4303-b69c-89f6c76189fc,,Isac,Hoeger
9ab2720c-e6fb-4a03-b011-3b5e368f156c,,testpostalagain,fdfdf
e10b5cf5-69d6-4806-829c-b4653b7c2335,,Aglae,Bruen
de2f45b0-7aa5-4209-9de8-a67675acb96c,,asd,asd
ff19aeae-b2da-4a0b-aa5a-d7576081c08d,,Bert,Volkman
1ae442f6-fc7a-430c-b974-5d88083626e6,,Aw,Ad
8c35a353-7b93-490e-92ef-cf278de8a06e,,dfdf,dfd
b70ce4d1-cc3b-4e0e-a18c-dc6f3918ca2d,,Sergey,Petrov
9824e3f6-6278-4712-82df-740ebd0bf0c3,,dfdf,fdfd
43318216-a7fa-4b15-a2e9-323b71121327,,dfd,fdf
9593b0e6-9db0-4e15-9ab7-f9899b1fa213,,h,h
6a0fc47b-37a4-4917-bb39-7a294a2c8841,,Hazel,Christiansen
70d3ec31-8f93-4e17-96ef-fcfca77a4999,,vdnvnld,vfdvd
50bcf77a-9a9a-451c-863f-4d2e193446a4,,Antwon,Keeling
f3b22a1a-cc98-491d-b5dc-22197fe534f9,,fdfdf,dgdg
7e5bd569-f07e-471f-a7fa-1b57115b755d,,Elza,Rutherford
4a79eb36-9d34-4720-914a-81369d25a6e4,,fgdfgd,gdfdgd
4c38902e-12ef-4122-ab3d-3843429c8d25,,Kristin,Gleason
1824c974-1b11-4422-9977-e8b29f24ca67,,dfd,dffd
af5897b2-8432-4d24-8586-9faf79dd163c,,Ethyl,Powlowski
b70535c4-463b-4425-8c48-d7c5f3fc3ce2,,sdsds,sdsd
ef945124-4564-4625-b18f-7158979390b4,,dfdfd,fdfd
5dcc13da-67b6-4d26-9e4c-93bd21d4b59f,,Rogelio,Quigley
9134029f-34b9-4827-a3ce-cbecece2f576,,asd,asd
e3a51d64-8707-4d28-bc28-78891ad81b93,,Ryan,Dibbert
b31c80e8-7766-422a-b6eb-32902d87fb06,,dfdfd,fdfd
0f9e3726-24a2-472b-bd95-4e0e5ec6e308,,marat,dfd
971221dc-42ed-412d-a0be-a36b5245cdf7,,gdgdg,аввав
a2cf9a3c-0eeb-4e2d-b89f-3775f163a87a,,Timon,Alvarez
e6bb318d-5ed0-482f-bffa-0389bf0abada,,Sample Customer,Australia
e729ccda-d1bc-4d2f-a1ab-d56f325bfbca,,alex,test
e82a8fe9-f02e-4430-8f06-392185ee9b49,,dfdfd,dfdfd
6b8fcc33-bb5f-4f30-a056-36abd7a10510,,fdfd,fdfd
b58031f0-bd84-4f35-b8ea-7f49e6b0b6de,,dfdfd,dfdf
eedeb86e-50ec-4b38-b280-d93dfe6f5988,,Sammie,Roberts
82f65431-8c2a-4d38-b3f3-3353ce9cd8a9,,а,б
20bc8640-9a4e-4e39-937e-804f06c0486a,,Test,Man
8e1bc313-745b-403a-98e9-1ad3318564e1,,asd,asd
efe00864-d9f0-483a-bfd9-4da789f774b2,,,
a147c827-1e44-463e-8d3e-b1927f51f22c,,Zoey,Bashirian
e67a5dfd-6bfb-493f-b9b0-31b05fa2b1f2,,Fanny,Miller
2647e231-9699-4842-be90-e81a9cacfd8a,,Mara,Bondar
5fcdf629-ebd2-4e42-9a95-1f4e3663168f,,Bethany,Larkin
500584dc-fa53-4347-a3df-a7146c9ff609,,sdffd,вапвыа
77290ff3-1454-4948-95f1-9cb8e2abafdf,,asd,asd
9e4e28af-2cb5-424c-b874-77047c78ff04,,Candida,Hartmann
616b6aad-a307-464c-8072-6f70a5bdde0b,,Nic,Nickkk
a81b8bdd-c17c-474d-b65d-5e348de4e2b2,,Semenov,Semen
56d46f13-a19b-404f-83b7-1e6198b5a088,,Cade,Beahan-Rice
b0c0e327-c14c-434f-b9da-35a8d94bd41a,,Wanda,Zboncak
e00be299-3907-4e4f-bf7f-bffb0c60a237,,Fiona,Schneider
7ac82528-9022-4850-b9e6-9f3934ba0acc,,Nicole,Schroeder
2c43f274-c899-4f50-beb9-11b3185b091e,,fdfd,fdfd
48db4690-1b87-4b51-bd09-fcc449d71c75,,test,test
0720ce24-5609-4e51-ac12-e31095b38e4a,,Heath,Stiedemann
5b4306a1-b3c0-4152-b22d-d8bed24ceda0,,asd,asd
ddc5e0a9-27c4-4454-b3cd-18c62e39e3e9,,Nathaniel,Kiehn
b5ae0979-aad3-4057-bce2-01e265b65888,,Timon,Pumba
de5389fc-9f6a-4758-8aea-e312752c5d1a,,fdfdf,fdfd
d728ee84-6130-4359-aba8-e9d34aca002e,,Cathrine,Borer
ca98e931-9708-4c5b-ada8-e41442a6c190,,Aniyaa,Borer
085c6941-ac74-4c5b-a5c8-25ac9dd09578,,Ryann,Rodriguez
d9dfd66f-6741-4560-bf55-27a54570a2e1,,Test,SpaceMan
114ff0c1-500b-4861-b72d-a9918dfc003c,,Dax,Jacobson
5e1f2957-4152-4162-b35d-67d646cc1253,,Rickey,Deckow
4ffbb313-b3e2-4362-8886-5373040c6b49,,Brady,Purdy
a981af21-7ecb-4e65-810a-1a5c0196ee59,,Keyshawn,Bahringer
ff01ad42-748e-4166-b3b3-0bc02f8b0219,,Daisha,Schuster
f8eace41-8699-4b68-bbe0-2156ef2bdff9,,Example,
062e62b3-5ef0-416a-8dae-e4c2b44e8e3f,,dfdf,dfd
145440ca-b4fb-4f6b-98b5-bc577a97ec1a,,vcvxcvx,vcxvvxc
4f16e18f-a080-4a6e-9d62-22384939f9d6,,Dameon,Larson
28c99716-0907-4a71-bf36-12679072c8ed,,ewf,ewf
9981e00a-e04a-4272-b873-8cc7df815683,,ddgg,gfddgdg
da9185d8-d281-4775-a069-81dbcf11ddf8,,Jermey,Ziemann-Mueller
be22799f-c0ce-4676-9590-a597dc379121,,d,f
ee71e954-78e6-4c76-88d9-17fb41941f32,,Sample Customer,USA
6aae4704-433a-4a78-900c-66202104d77e,,Luther,Turcotte
154d3743-3900-4b7b-b249-8b90eea407b3,,FirstNameEdited,LastName
78f5bda1-723f-4e7d-a4ba-19930607a959,,fdgsg,hgf gh
3265ee8a-664f-427e-9b5b-26dd0cef47cb,,Ottilie,Stamm
ff34e78a-8398-4e80-be3c-a10fc8f66f45,,Pumba,Timon
f794ff6c-f587-4b82-b79c-f2752810cd1c,,Bernhard,Tromp
62bcd46d-27b8-4f87-9ba1-c02135d06f2d,,Rozella,Mann
e6cbec60-b63c-4c8d-9d21-2ce7548062a6,,asd,asd
37b36b91-10d5-478e-b7c9-f2849f8a59e6,,FN,LN
61071522-03c4-4391-aac5-b2b35d200781,,Mattie,Beer
93742034-d9b2-4e91-b16e-d93c5fedaca3,,Jess,Cruickshank
54be6474-89ee-4e93-bb5f-43d5befce561,,Reva,Armstrong
40b8e538-0a33-4b94-b9bf-c5da3c9d352c,,Emiliano,Ratke
44d24297-8825-4f95-9df0-34dd2a56fa10,,Man,Testerer
24cd54d8-2b39-4097-b532-6ad821cff0fe,,Mitchel,Ziemann
8cd5b329-de17-4198-ac5a-03dc9d3eaeb3,,G,аП
3014b1b3-c19f-4499-8346-d91360ef21f1,,Alex,Noname
85a19c3d-da83-409a-a05e-161c8e9eac4e,,Benjamin,Schiller
3b2c3943-3164-4e9b-b0a9-afc641817821,,dfdfd,fdfd
409808fe-b9ae-4a9c-89ed-2f59d322a477,,a,a
ec2e6723-c41a-499d-9eea-cca113dd041c,,Margarete,Cronin
88f22c58-d08c-42a1-99e6-38f190377d5d,,Asha,Durgan
ebeb5d52-8aff-46a1-90d7-b1dd72e8bc9b,,Jodie,Bogan
26e2a3fa-d410-4aa1-a1a1-6e8b47434015,,dfdf,gdgd
25b7bfba-e98c-49a3-aec3-ad7902245f40,,Chaya,Feeney
2e7b0eda-a45d-43a4-9217-1a45256d8dd2,,Test,Man
04b2b6b7-cff1-44a4-a9e6-09629be18662,,Use,shipping
a74d5a27-34a5-45a7-894a-49b95348a69f,,Jayme,Dickens
5efa9d26-479b-49a7-816a-bb85e7147d1a,,Nasir,Jacobson
85aaad6c-42c7-43a9-918f-4ac4aafdf1b8,,general,address
aa0b707b-a443-48a9-8147-f6aa3ebf495e,,jhg,bhj
7da14cc0-b3de-4aa9-8ae4-5531c5a70661,,Marianna,Jacobson
dc9bf622-ec3f-48ac-b5d4-db5be0698967,,Carmela,Streich
64bb9a4d-5b68-42b0-98db-ed35a77d7a39,,fdf,fdf
24603de5-208e-40b2-9e17-e755855bfb9a,,Ewell,Hilll
81bd5a5e-5de2-4fb6-b0fa-153cb94ea457,,Alexander,Test
b911ebd6-584c-44b7-badd-746ec1b9ff8c,,Sample Customer,Germany
c2219531-fa9b-4bb7-ba3b-775863840758,,Ivan,Ivan
bdc6f5bc-e2d8-4ab8-a136-aaa3d4d225f2,,Kyra,Koepp
abb774f6-96f8-43bd-a08b-958363fc8374,,Angeline,Dibbert
345316da-7f9e-4fc0-a63e-97faadc5af22,,Ally,Smith
75454123-74bb-44c1-9a1e-49baaf8f34ed,,gfgf,gfg
faa1abee-7d11-4ec2-8c6d-d46f13ab7dd2,,Emmanuel,Yundt
9ed05f56-8b6a-4fc2-9841-07333b76e01d,,Roger,Strosin
31088394-cdf9-40c3-8bf5-5183b65b7a61,,Jayden,Wisozk
08c4d9e0-2816-45c6-b3d9-966b713a7768,,Ila,Swaniawski
3b7737b1-38b8-41c7-b1ea-24de8598b73e,,Heath,Feest
bd6740e5-e6c2-46c8-9840-d20948551f2f,,fdkfjdk,fdfdf
872f231d-dcb2-40ca-9481-65e695fb6dd7,,Nick,Nikokok
3f99aea5-9e41-4bca-9f78-60f9dc0d2a53,,Callie,Kiehn
4f1fe3ea-cce1-40cc-8193-767e0c7e73e2,,Claudie,Schuster
68a073d8-2ce1-46cc-b934-8f35040737be,,sfve,ferwg
f417528e-afbe-41cd-817a-3fbad094c9ce,,fd,gdg
648ae621-9919-43d2-8416-8bd9eaea3625,,уфа,уфа
a84d9aca-1932-4cd2-bc6d-6f9b8e09c4fd,,Timon,Matata
7b18c2d2-ea59-44d3-8cfe-6427e6521d72,,fd,fdfd
1e59545f-6d87-46d3-8c3d-184cc7a4c26f,,Timon,Alvarez
e740d4e9-f917-43d8-b8da-8e673933d96c,,Tyra,Mraz
816b5e9c-2d7f-40da-8bd0-1cb4a547b0b8,,dfd,dfdf
745a5d16-6b2a-43dc-be6f-84f2cba5ed99,,new,new
aac0faa4-8c09-48dc-85a1-cba5eb01ba5a,,,
55bb6f9e-3673-4adc-a49a-160d9fac4d9d,,Justen,Williamson
2560a8ab-aff0-47de-a2dc-a91bf5ef5276,,Alex,Temp
63f48878-4551-4dde-aeb8-adc669a5caa1,,new,TestMan
1973e13a-fa89-4ede-acda-021ff2bf09a6,,bnbn,bnnb
97af3bb3-613f-4adf-80c9-4651f2c353ab,,Timon,Ventura
9c6395e2-8874-40e0-84b3-5360ff2fd068,,Webster,Senger
251224a3-23bb-44e1-a277-6a06d7593714,,Michale,Zboncak
06c90861-291c-45e2-8e2c-0e8f1ee60879,,Adele,Kuvalis-Zemlak
5e54c156-fdf4-43e6-87e6-0abbe172722c,,dfdf,fdfd
b549702e-d3c1-48e7-a942-e27f9ff95a32,,Ivanov,Ivan
888811d8-b043-48e9-b2c7-6791345de5a3,,,
991872ed-e153-49e9-a788-e39d9b3e3371,,another,user
3feedd34-5918-44ed-b8b1-2d167f7ef242,,dfdfdgd,fdfd
648431f9-ba90-41ee-9e6f-a6cb2f6df6c5,,alex,testMan
cc1e6d24-ce70-42f1-8e28-5931f42d3b36,,Marata,Bondarenko
b1d4dfdb-689a-47f2-a031-c45ee674cbd9,,Pumba,Timotei
f021aea2-4cc5-46f3-a016-3e4fd077e8b6,,test,test
1865ce1c-3e25-45f4-9fe5-9d21d1feddcc,,testpostal,dfdfd
f6efbf4e-bcba-41f8-8ff5-dd2ee901af70,,Олег,Николаев
8175188f-48c9-44f9-8270-3ddcd188e493,,Nickolay,Alikhnovich
73e64af4-1956-4cfb-86cd-fa01e8f0d181,,a,a
